{
    "position": [
        -216371.91555029055,
        28888.194623911357,
        103478.96820242316
    ],
    "focal_point": [
        20170.75235210528,
        38018.15210036638,
        50680.6894844707
    ],
    "view_up": [
        0.21455074443183628,
        0.07358212655415278,
        0.9739371893071512
    ]
}